date,XLK,XLC,XLY,XLF,XLI,XLE,XLB,XLV,XLP,XLU,XLRE,SMH,DTCR,GRID,URA,IGV,XBI,KRE,ITB,IYT,XRT,GDX
2026-09-11,4,3,16,5,21,2,13,8,9,14,11,12,6,17,15,7,10,19,22,20,18,1
2026-09-14,9,3,14,8,21,2,10,6,7,15,12,19,17,20,18,5,4,13,22,16,11,1
2026-09-15,9,4,13,7,22,1,10,5,8,16,11,19,18,20,17,3,6,12,21,14,15,2
2026-09-16,9,3,13,7,22,2,10,5,6,15,11,19,16,17,20,1,8,14,21,18,12,4
2026-09-17,4,3,16,13,22,5,9,6,12,18,15,8,10,14,11,2,7,19,21,20,17,1
2026-09-18,1,5,15,9,17,4,13,11,12,16,14,2,6,8,19,3,20,10,22,18,21,7
2026-09-21,1,4,14,8,18,7,17,9,13,20,16,2,5,6,10,3,12,11,22,21,15,19
2026-09-22,2,4,15,11,20,9,19,8,10,14,17,1,5,6,18,3,7,12,21,22,13,16
2026-09-23,2,5,15,14,9,7,13,8,10,17,16,1,6,4,20,3,12,11,21,19,18,22
2026-09-24,2,5,13,12,11,4,15,8,10,18,16,1,7,6,22,3,17,9,19,20,14,21
2026-09-25,2,4,12,13,11,5,15,7,10,19,16,1,8,6,22,3,18,9,17,20,14,21
2026-09-28,2,5,13,14,12,3,17,4,7,20,16,1,8,6,22,9,18,11,15,19,10,21
2026-09-29,2,5,16,17,11,6,18,3,9,15,14,1,7,4,22,10,8,13,19,20,12,21
2026-09-30,2,3,15,17,11,9,18,5,12,14,16,1,6,4,22,8,7,13,19,20,10,21
2026-10-01,2,5,14,18,7,8,19,9,15,17,20,1,6,3,22,4,16,10,13,12,11,21
2026-10-02,2,7,11,19,6,8,20,10,14,17,16,1,5,4,22,3,18,12,15,9,13,21
2026-10-05,2,6,13,19,8,5,16,9,12,17,18,1,7,3,21,4,14,15,20,11,10,22
2026-10-06,2,6,10,19,8,5,13,9,11,12,16,1,7,4,21,3,20,17,18,15,14,22
2026-10-07,2,5,8,16,12,7,15,4,9,13,19,1,10,6,22,3,20,18,17,14,11,21
2026-10-08,3,4,9,17,11,7,14,5,6,13,19,2,16,10,22,1,20,18,15,12,8,21
2026-10-09,3,12,7,19,11,9,16,4,6,13,17,2,8,5,22,1,14,20,18,15,10,21
