date,value
2023-01-03,12.67
2023-01-04,13.12
2023-01-05,12.75
2023-01-06,12.96
2023-01-09,13.1
2023-01-10,13.19
2023-01-11,13.345
2023-01-12,13.562
2023-01-13,13.6
2023-01-17,13.63
2023-01-18,13.35
2023-01-19,13.25
2023-01-20,13.435
2023-01-23,13.5
2023-01-24,13.506
2023-01-25,13.566
2023-01-26,13.75
2023-01-27,13.806
2023-01-30,13.61
2023-01-31,13.78
2023-02-01,14.22
2023-02-02,14.39
2023-02-03,13.985
2023-02-06,13.775
2023-02-07,13.849
2023-02-08,13.763
2023-02-09,13.75
2023-02-10,13.569
2023-02-13,13.629
2023-02-14,13.558
2023-02-15,13.575
2023-02-16,13.53
2023-02-17,13.37
2023-02-21,12.99
2023-02-22,12.761
2023-02-23,12.97
2023-02-24,12.68
2023-02-27,12.72
2023-02-28,12.75
2023-03-01,12.68
2023-03-02,12.81
2023-03-03,13.04
2023-03-06,12.91
2023-03-07,12.59
2023-03-08,12.76
2023-03-09,12.52
2023-03-10,12.325
2023-03-13,12.51
2023-03-14,12.6
2023-03-15,12.69
2023-03-16,12.85
2023-03-17,12.695
2023-03-20,12.785
2023-03-21,12.68
2023-03-22,12.445
2023-03-23,12.575
2023-03-24,12.721
2023-03-27,12.67
2023-03-28,12.64
2023-03-29,12.82
2023-03-30,13
2023-03-31,13.14
2023-04-03,13.1
2023-04-04,13.045
2023-04-05,12.987
2023-04-06,12.99
2023-04-10,13.03
2023-04-11,13.15
2023-04-12,13.11
2023-04-13,13.195
2023-04-14,12.965
2023-04-17,13.14
2023-04-18,13.16
2023-04-19,13.16
2023-04-20,12.925
2023-04-21,12.89
2023-04-24,12.86
2023-04-25,12.632
2023-04-26,12.67
2023-04-27,12.95
2023-04-28,12.98
2023-05-01,12.925
2023-05-02,12.61
2023-05-03,12.48
2023-05-04,12.68
2023-05-05,12.855
2023-05-08,12.81
2023-05-09,12.72
2023-05-10,12.795
2023-05-11,12.605
2023-05-12,12.64
2023-05-15,12.6
2023-05-16,12.39
2023-05-17,12.6
2023-05-18,12.65
2023-05-19,12.52
2023-05-22,12.715
2023-05-23,12.45
2023-05-24,12.2
2023-05-25,12.628
2023-05-26,13.02
2023-05-30,12.98
2023-05-31,12.9
2023-06-01,13.1
2023-06-02,13.25
2023-06-05,13.135
2023-06-06,13.2
2023-06-07,13.22
2023-06-08,13.26
2023-06-09,13.23
2023-06-12,13.4
2023-06-13,13.56
2023-06-14,13.76
2023-06-15,13.82
2023-06-16,13.72
2023-06-20,13.52
2023-06-21,13.35
2023-06-22,13.2
2023-06-23,13.205
2023-06-26,13.18
2023-06-27,13.41
2023-06-28,13.31
2023-06-29,13.36
2023-06-30,13.6
2023-07-03,13.545
2023-07-05,13.56
2023-07-06,13.52
2023-07-07,13.55
2023-07-10,13.5
2023-07-11,13.7
2023-07-12,13.9
2023-07-13,13.92
2023-07-14,13.94
2023-07-17,13.75
2023-07-18,13.81
2023-07-19,13.942
2023-07-20,13.61
2023-07-21,13.84
2023-07-24,13.76
2023-07-25,13.78
2023-07-26,13.78
2023-07-27,13.68
2023-07-28,13.83
2023-07-31,13.87
2023-08-01,13.85
2023-08-02,13.63
2023-08-03,13.47
2023-08-04,13.46
2023-08-07,13.52
2023-08-08,13.466
2023-08-09,13.44
2023-08-10,13.4
2023-08-11,13.29
2023-08-14,13.33
2023-08-15,13.287
2023-08-16,13.01
2023-08-17,12.96
2023-08-18,12.91
2023-08-21,12.89
2023-08-22,12.95
2023-08-23,13.2
2023-08-24,13.13
2023-08-25,13.14
2023-08-28,13.22
2023-08-29,13.46
2023-08-30,13.53
2023-08-31,13.56
2023-09-01,13.59
2023-09-05,13.51
2023-09-06,13.4
2023-09-07,13.38
2023-09-08,13.32
2023-09-11,13.36
2023-09-12,13.31
2023-09-13,13.24
2023-09-14,13.46
2023-09-15,13.32
2023-09-18,13.28
2023-09-19,13.18
2023-09-20,13.08
2023-09-21,12.74
2023-09-22,12.65
2023-09-25,12.69
2023-09-26,12.44
2023-09-27,12.37
2023-09-28,12.58
2023-09-29,12.72
2023-10-02,12.58
2023-10-03,12.3
2023-10-04,12.35
2023-10-05,12.37
2023-10-06,12.59
2023-10-09,12.67
2023-10-10,12.84
2023-10-11,13.01
2023-10-12,12.8
2023-10-13,12.82
2023-10-16,12.88
2023-10-17,12.71
2023-10-18,12.44
2023-10-19,12.14
2023-10-20,12.01
2023-10-23,12.04
2023-10-24,12.29
2023-10-25,12.04
2023-10-26,12.27
2023-10-27,12.155
2023-10-30,12.34
2023-10-31,12.4
2023-11-01,12.58
2023-11-02,12.92
2023-11-03,13.35
2023-11-06,13.12
2023-11-07,13.098
2023-11-08,13.085
2023-11-09,13.025
2023-11-10,13.1
2023-11-13,13.14
2023-11-14,13.7
2023-11-15,13.79
2023-11-16,13.841
2023-11-17,13.83
2023-11-20,14.05
2023-11-21,13.9
2023-11-22,13.95
2023-11-24,13.86
2023-11-27,14.02
2023-11-28,14.08
2023-11-29,14.32
2023-11-30,14.33
2023-12-01,14.39
2023-12-04,14.315
2023-12-05,14.28
2023-12-06,14.12
2023-12-07,14.189
2023-12-08,14.12
2023-12-11,14.15
2023-12-12,14.1
2023-12-13,14.4
2023-12-14,14.523
2023-12-15,14.419
2023-12-18,14.36
2023-12-19,14.53
2023-12-20,14.321
2023-12-21,14.512
2023-12-22,14.55
2023-12-26,14.67
2023-12-27,14.73
2023-12-28,14.71
2023-12-29,14.66
2024-01-02,14.562
2024-01-03,14.32
2024-01-04,14.27
2024-01-05,14.235
2024-01-08,14.471
2024-01-09,14.35
2024-01-10,14.341
2024-01-11,14.312
2024-01-12,14.39
2024-01-16,14.311
2024-01-17,14.089
2024-01-18,14.11
2024-01-19,14.4
2024-01-22,14.483
2024-01-23,14.5
2024-01-24,14.48
2024-01-25,14.701
2024-01-26,14.57
2024-01-29,14.743
2024-01-30,14.61
2024-01-31,14.496
2024-02-01,14.7
2024-02-02,14.59
2024-02-05,14.47
2024-02-06,14.63
2024-02-07,14.68
2024-02-08,14.77
2024-02-09,14.885
2024-02-12,14.95
2024-02-13,14.59
2024-02-14,14.83
2024-02-15,15.21
2024-02-16,14.87
2024-02-20,14.85
2024-02-21,14.77
2024-02-22,15.27
2024-02-23,15.2
2024-02-26,15.09
2024-02-27,15.04
2024-02-28,15.13
2024-02-29,15.34
2024-03-01,15.66
2024-03-04,15.89
2024-03-05,15.73
2024-03-06,15.94
2024-03-07,16.04
2024-03-08,16.07
2024-03-11,15.99
2024-03-12,16.08
2024-03-13,15.95
2024-03-14,15.8
2024-03-15,15.6
2024-03-18,15.625
2024-03-19,15.37
2024-03-20,15.42
2024-03-21,15.51
2024-03-22,15.48
2024-03-25,15.5
2024-03-26,15.35
2024-03-27,15.575
2024-03-28,15.55
2024-04-01,15.512
2024-04-02,15.345
2024-04-03,15.362
2024-04-04,15.176
2024-04-05,15.11
2024-04-08,15.069
2024-04-09,15.213
2024-04-10,14.853
2024-04-11,14.906
2024-04-12,14.596
2024-04-15,14.34
2024-04-16,14.25
2024-04-17,14.17
2024-04-18,14.125
2024-04-19,13.874
2024-04-22,13.95
2024-04-23,14.275
2024-04-24,14.3
2024-04-25,14.3
2024-04-26,14.44
2024-04-29,14.55
2024-04-30,14.284
2024-05-01,14.01
2024-05-02,14.312
2024-05-03,14.4
2024-05-06,14.32
2024-05-07,14.44
2024-05-08,14.355
2024-05-09,14.68
2024-05-10,14.61
2024-05-13,14.63
2024-05-14,14.69
2024-05-15,15.1
2024-05-16,15.12
2024-05-17,15.08
2024-05-20,15.065
2024-05-21,15.034
2024-05-22,14.79
2024-05-23,14.655
2024-05-24,14.73
2024-05-28,14.79
2024-05-29,14.63
2024-05-30,14.757
2024-05-31,14.84
2024-06-03,14.81
2024-06-04,14.92
2024-06-05,15.05
2024-06-06,15.02
2024-06-07,14.894
2024-06-10,15.02
2024-06-11,14.97
2024-06-12,15
2024-06-13,15.21
2024-06-14,15.2
2024-06-17,15.14
2024-06-18,15.23
2024-06-20,15.14
2024-06-21,15.15
2024-06-24,15.06
2024-06-25,15.06
2024-06-26,15.01
2024-06-27,15.04
2024-06-28,15.06
2024-07-01,14.96
2024-07-02,15.03
2024-07-03,15.285
2024-07-05,15.29
2024-07-08,15.5
2024-07-09,15.51
2024-07-10,15.69
2024-07-11,15.87
2024-07-12,16.1
2024-07-15,16
2024-07-16,16.14
2024-07-17,15.84
2024-07-18,15.64
2024-07-19,15.55
2024-07-22,15.59
2024-07-23,15.52
2024-07-24,15.1
2024-07-25,15.02
2024-07-26,15.13
2024-07-29,15.17
2024-07-30,15.07
2024-07-31,15.45
2024-08-01,15.48
2024-08-02,15.35
2024-08-05,14.75
2024-08-06,15.06
2024-08-07,14.95
2024-08-08,15.19
2024-08-09,15.135
2024-08-12,15.138
2024-08-13,15.4
2024-08-14,15.409
2024-08-15,15.47
2024-08-16,15.519
2024-08-19,15.702
2024-08-20,15.69
2024-08-21,15.89
2024-08-22,15.85
2024-08-23,16.25
2024-08-26,16.21
2024-08-27,16.13
2024-08-28,16.02
2024-08-29,15.92
2024-08-30,16.05
2024-09-03,16.04
2024-09-04,15.93
2024-09-05,16.32
2024-09-06,16.16
2024-09-09,16.428
2024-09-10,16.69
2024-09-11,16.76
2024-09-12,16.66
2024-09-13,16.8
2024-09-16,16.82
2024-09-17,16.93
2024-09-18,16.72
2024-09-19,17.02
2024-09-20,17.05
2024-09-23,17.33
2024-09-24,17.62
2024-09-25,17.46
2024-09-26,17.51
2024-09-27,17.61
2024-09-30,17.62
2024-10-01,17.65
2024-10-02,17.7
2024-10-03,17.31
2024-10-04,17.43
2024-10-07,17.42
2024-10-08,17.28
2024-10-09,17.33
2024-10-10,17.27
2024-10-11,17.45
2024-10-14,17.55
2024-10-15,17.44
2024-10-16,17.69
2024-10-17,17.53
2024-10-18,17.63
2024-10-21,17.59
2024-10-22,17.64
2024-10-23,17.58
2024-10-24,17.48
2024-10-25,17.66
2024-10-28,17.77
2024-10-29,17.52
2024-10-30,17.43
2024-10-31,17.09
2024-11-01,16.95
2024-11-04,16.99
2024-11-05,17.36
2024-11-06,16.91
2024-11-07,17.4
2024-11-08,17.33
2024-11-11,17.3
2024-11-12,16.98
2024-11-13,16.95
2024-11-14,16.81
2024-11-15,16.8
2024-11-18,17.14
2024-11-19,17.22
2024-11-20,17.08
2024-11-21,17.31
2024-11-22,17.34
2024-11-25,17.64
2024-11-26,17.53
2024-11-27,17.61
2024-11-29,17.69
2024-12-02,17.59
2024-12-03,17.59
2024-12-04,17.59
2024-12-05,17.64
2024-12-06,17.76
2024-12-09,17.65
2024-12-10,17.31
2024-12-11,17.39
2024-12-12,17.265
2024-12-13,17.24
2024-12-16,17.06
2024-12-17,17.05
2024-12-18,16.38
2024-12-19,16.24
2024-12-20,16.36
2024-12-23,16.49
2024-12-24,16.65
2024-12-26,16.75
2024-12-27,16.68
2024-12-30,16.56
2024-12-31,16.55
2025-01-02,16.59
2025-01-03,17
2025-01-06,17.1
2025-01-07,17.13
2025-01-08,17.28
2025-01-10,16.63
2025-01-13,16.17
2025-01-14,16.38
2025-01-15,16.49
2025-01-16,16.9
2025-01-17,17.03
2025-01-21,17.34
2025-01-22,17.04
2025-01-23,17.29
2025-01-24,17.29
2025-01-27,16.42
2025-01-28,16.43
2025-01-29,16.46
2025-01-30,16.71
2025-01-31,16.42
2025-02-03,16.43
2025-02-04,16.63
2025-02-05,16.99
2025-02-06,17.13
2025-02-07,17.13
2025-02-10,17.46
2025-02-11,17.69
2025-02-12,17.72
2025-02-13,17.86
2025-02-14,18.19
2025-02-18,18.58
2025-02-19,18.81
2025-02-20,19.23
2025-02-21,18.89
2025-02-24,18.22
2025-02-25,18.08
2025-02-26,18.16
2025-02-27,17.71
2025-02-28,17.66
2025-03-03,17.24
2025-03-04,17.41
2025-03-05,17.91
2025-03-06,17.35
2025-03-07,17.43
2025-03-10,17.1
2025-03-11,17.26
2025-03-12,17.38
2025-03-13,17.12
2025-03-14,17.76
2025-03-17,17.97
2025-03-18,17.69
2025-03-19,17.44
2025-03-20,17.32
2025-03-21,17.29
2025-03-24,17.4
2025-03-25,17.04
2025-03-26,16.87
2025-03-27,16.62
2025-03-28,16.28
2025-03-31,16.26
2025-04-01,16.46
2025-04-02,16.6
2025-04-03,16.22
2025-04-04,15.16
2025-04-07,14.95
2025-04-08,14.43
2025-04-09,15.37
2025-04-10,15.14
2025-04-11,15.39
2025-04-14,15.61
2025-04-15,15.62
2025-04-16,15.34
2025-04-17,15.59
2025-04-21,15.33
2025-04-22,15.65
2025-04-23,15.79
2025-04-24,15.95
2025-04-25,16.12
2025-04-28,16.21
2025-04-29,16.44
2025-04-30,16.64
2025-05-01,16.76
2025-05-02,17.15
2025-05-05,17.18
2025-05-06,17.19
2025-05-07,16.93
2025-05-08,16.9
2025-05-09,16.95
2025-05-12,17.2
2025-05-13,17.13
2025-05-14,17.18
2025-05-15,17.25
2025-05-16,17.57
2025-05-19,17.61
2025-05-20,17.57
2025-05-21,17.46
2025-05-22,17.33
2025-05-23,17.31
2025-05-27,17.51
2025-05-28,17.31
2025-05-29,17.4
2025-05-30,17.22
2025-06-02,17.54
2025-06-03,17.63
2025-06-04,18
2025-06-05,18.02
2025-06-06,18.05
2025-06-09,18.1
2025-06-10,18.25
2025-06-11,18.21
2025-06-12,18.3
2025-06-13,17.91
2025-06-16,18.29
2025-06-17,18.13
2025-06-18,18.19
2025-06-20,18.14
2025-06-23,18.32
2025-06-24,18.76
2025-06-25,18.5
2025-06-26,18.42
2025-06-27,18.5
2025-06-30,18.64
2025-07-01,18.46
2025-07-02,18.68
2025-07-03,18.8
2025-07-07,18.41
2025-07-08,18.45
2025-07-09,18.52
2025-07-10,18.51
2025-07-11,18.53
2025-07-14,18.67
2025-07-15,18.93
2025-07-16,19.11
2025-07-17,19.25
2025-07-18,19.315
2025-07-21,19.29
2025-07-22,19.35
2025-07-23,19.53
2025-07-24,19.53
2025-07-25,19.5
2025-07-28,19.36
2025-07-29,19.25
2025-07-30,19.08
2025-07-31,19.06
2025-08-01,18.74
2025-08-04,19.05
2025-08-05,18.98
2025-08-06,18.82
2025-08-07,18.92
2025-08-08,18.79
2025-08-11,18.82
2025-08-12,19
2025-08-13,18.95
2025-08-14,18.75
2025-08-15,18.73
2025-08-18,18.78
2025-08-19,18.7
2025-08-20,18.73
2025-08-21,18.59
2025-08-22,19.03
2025-08-25,18.9
2025-08-26,18.93
2025-08-27,18.94
2025-08-28,19.01
2025-08-29,18.91
2025-09-02,18.53
2025-09-03,18.33
2025-09-04,18.32
2025-09-05,18.55
2025-09-08,18.52
2025-09-09,18.81
2025-09-10,19.17
2025-09-11,19.64
2025-09-12,19.72
2025-09-15,19.84
2025-09-16,19.85
2025-09-17,20.01
2025-09-18,20.23
2025-09-19,20.18
2025-09-22,20.64
2025-09-23,20.55
2025-09-24,20.48
2025-09-25,20.49
2025-09-26,20.37
2025-09-29,20.31
2025-09-30,20.48
2025-10-01,20.82
2025-10-02,21.12
2025-10-03,21.14
2025-10-06,21.36
2025-10-07,21.26
2025-10-08,21.52
2025-10-09,21.59
2025-10-10,21.16
2025-10-13,21.61
2025-10-14,21.49
2025-10-15,21.99
2025-10-16,22.03
2025-10-17,21.77
2025-10-20,22.24
2025-10-21,21.82
2025-10-22,21.52
2025-10-23,21.95
2025-10-24,22.28
2025-10-27,22.65
2025-10-28,22.47
2025-10-29,22.4
2025-10-30,22.3
2025-10-31,22.36
2025-11-03,22.31
2025-11-04,21.71
2025-11-05,22.08
2025-11-06,21.73
2025-11-07,21.74
2025-11-10,22.19
2025-11-11,22
2025-11-12,21.69
2025-11-13,20.78
2025-11-14,20.85
2025-11-17,20.65
2025-11-18,20.43
2025-11-19,20.33
2025-11-20,19.76
2025-11-21,19.73
2025-11-24,20.31
2025-11-25,20.32
2025-11-26,20.54
2025-11-28,20.91
2025-12-01,20.76
2025-12-02,20.78
2025-12-03,20.97
2025-12-04,21.07
2025-12-05,21.35
2025-12-08,21.73
2025-12-09,21.78
2025-12-10,21.65
2025-12-11,21.66
2025-12-12,21.11
2025-12-15,20.68
2025-12-16,20.51
2025-12-17,20.12
2025-12-18,20.36
2025-12-19,20.76
2025-12-22,20.96
2025-12-23,20.935
2025-12-24,21.1
2025-12-26,21.09
2025-12-29,21.15
2025-12-30,21.21
2025-12-31,21.1
2026-01-02,21.95
2026-01-05,22.22
2026-01-06,22.6
2026-01-07,22.45
2026-01-08,22.62
2026-01-09,23.1
2026-01-12,23.44
2026-01-13,23.32
2026-01-14,23.43
2026-01-15,23.49
2026-01-16,23.8
2026-01-20,23.31
2026-01-21,23.63
2026-01-22,23.74
2026-01-23,23.82
2026-01-26,24.11
2026-01-27,24.78
2026-01-28,25.25
2026-01-29,25.12
2026-01-30,24.47
2026-02-02,24.51
2026-02-03,24.29
2026-02-04,23.92
2026-02-05,23.5
2026-02-06,24.59
2026-02-09,25.01
2026-02-10,25.13
2026-02-11,25.57
2026-02-12,26.04
2026-02-13,26.21
2026-02-17,26.11
2026-02-18,25.49
2026-02-19,25.51
2026-02-20,25.55
2026-02-23,25.4
2026-02-24,25.77
2026-02-25,25.73
2026-02-26,25.41
2026-02-27,25.56
2026-03-02,25.34
2026-03-03,24.93
2026-03-04,25.35
2026-03-05,24.99
2026-03-06,24.75
2026-03-09,25.08
2026-03-10,25.35
2026-03-11,25.42
2026-03-12,24.88
2026-03-13,25
2026-03-16,25.25
2026-03-17,25.25
2026-03-18,24.97
2026-03-19,25.07
2026-03-20,24
2026-03-23,24.27
2026-03-24,23.96
2026-03-25,24.18
2026-03-26,23.6
2026-03-27,23.38
2026-03-30,23.06
2026-03-31,23.96
2026-04-01,24.34
2026-04-02,24.6
2026-04-06,24.91
2026-04-07,24.9
2026-04-08,25.81
2026-04-09,26.03
2026-04-10,26.3
2026-04-13,26.66
2026-04-14,27.14
2026-04-15,27.09
2026-04-16,27.5
2026-04-17,28.04
2026-04-20,28.11
2026-04-21,27.7
2026-04-22,28.1
2026-04-23,28.44
2026-04-24,28.85
2026-04-27,28.43
2026-04-28,28.08
2026-04-29,28.21
2026-04-30,28.84
2026-05-01,28.9
2026-05-04,28.92
2026-05-05,29.41
2026-05-06,30.31
2026-05-07,29.78
2026-05-08,30.42
2026-05-11,30.87
2026-05-12,30.34
2026-05-13,30.74
2026-05-14,30.61
2026-05-15,29.66
2026-05-18,29.57
2026-05-19,29.52
2026-05-20,30.1
2026-05-21,30.55
2026-05-22,30.47
2026-05-26,31.12
2026-05-27,31.26
2026-05-28,31.65
2026-05-29,31.59
2026-06-01,31.75
2026-06-02,32.43
2026-06-03,32.19
2026-06-04,32.43
2026-06-05,30.64
2026-06-08,30.98
2026-06-09,30.91
2026-06-10,30.02
2026-06-11,31.09
2026-06-12,31.16
2026-06-15,31.92
2026-06-16,31.44
2026-06-17,31.34
2026-06-18,31.92
2026-06-22,32.46
2026-06-23,31.48
2026-06-24,31.04
2026-06-25,31.07
2026-06-26,30.68
2026-06-29,30.43
2026-06-30,30.37
2026-07-01,29.49
2026-07-02,28.46
2026-07-06,28.72
2026-07-07,28.26
2026-07-08,28.59
2026-07-09,29.11
2026-07-10,29.24
2026-07-13,28.39
2026-07-14,28.53
2026-07-15,28.32
2026-07-16,27.54
2026-07-17,27.4
2026-07-20,27.6
2026-07-21,28.31
2026-07-22,28.5
2026-07-23,28.28
2026-07-24,28.11
2026-07-27,27.69
2026-07-28,27.21
2026-07-29,26.56
2026-07-30,27.69
2026-07-31,27.44
2026-08-03,27.8
2026-08-04,28.69
2026-08-05,28.2
2026-08-06,27.98
2026-08-07,28.31
2026-08-10,27.95
2026-08-11,28.01
2026-08-12,28.69
2026-08-13,29.05
2026-08-14,29.33
2026-08-17,29.21
2026-08-18,28.47
2026-08-19,28.34
2026-08-20,28.48
2026-08-21,28.32
2026-08-24,28.01
2026-08-25,28.56
2026-08-26,28.345
2026-08-27,28.5
2026-08-28,28
2026-08-31,27.89
2026-09-01,27.49
2026-09-02,27.44
2026-09-03,27.94
2026-09-04,28.18
2026-09-08,28.53
2026-09-09,28.43
2026-09-10,27.71
2026-09-11,28.26
2026-09-14,27.22
2026-09-15,27.14
2026-09-16,27.28
2026-09-17,27.88
2026-09-18,28.04
2026-09-21,28.69
2026-09-22,28.79
2026-09-23,28.16
2026-09-24,27.965
2026-09-25,27.84
2026-09-28,27.34
2026-09-29,27.31
2026-09-30,27.14
2026-10-01,27.07
2026-10-02,27.27
2026-10-05,27.4
2026-10-06,27.78
